INSERT INTO reglas (diagnostico, recomendacion, imagen) VALUES ('Sin riesgo de diabetes','No existe riesgo de diabetes, sin embargo es importante seguir cuidando de tu salud, así como mantener una buena alimentación, limitar azúcares y hacer ejercicio.', 'https://hotmart.s3.amazonaws.com/product_pictures/6a963d5c-0552-4512-a4ad-34a7b0a352d3/PHOTO20220620115532.jpg');

INSERT INTO reglas (diagnostico, recomendacion, informacion, imagen) VALUES ('Alerta prediabetes', 'Mejora tu alimentación, realiza chequeos periódicos y mantente hidratado con agua natural.',
'La alerta de prediabetes es una etapa temprana o intermedia en la que el cuerpo empieza a mostrar señales de un mal manejo de la glucosa, pero aún no cumple todos los criterios diagnósticos para considerarse prediabetes según los estándares médicos. Es un llamado de atención para actuar a tiempo.'
,'https://i.pinimg.com/originals/c3/aa/67/c3aa678201b596e5e0e509517a9164f0.jpg');

INSERT INTO reglas (diagnostico, recomendacion, informacion, imagen) VALUES ('Prediabetes', 'Estás en un estado previo a diabetes. Cambios en estilo de vida son urgentes.',
'La prediabetes es una condición en la que los niveles de azúcar (glucosa) en sangre son más altos de lo normal, pero no lo suficientemente altos como para diagnosticar diabetes tipo 2. Es una señal de advertencia de que el cuerpo está comenzando a tener dificultades para usar la insulina de manera eficiente.
Aunque no es aún diabetes, la prediabetes aumenta considerablemente el riesgo de desarrollar diabetes tipo 2, enfermedades del corazón y accidentes cerebrovasculares. Sin embargo, puede revertirse mediante cambios en el estilo de vida, como una alimentación saludable, actividad física regular y control del peso corporal.'
,'https://i.pinimg.com/originals/c3/aa/67/c3aa678201b596e5e0e509517a9164f0.jpg');

INSERT INTO reglas (diagnostico, recomendacion, informacion, imagen) VALUES ('Alerta diabetes', 'Haz ejercicio al menos 30 min al dia. Consulta con un especialista y realiza estudios de glucosa en sangre, familiares con diabetes puede ser motivo de padecerlo tambien.',
'La Alerta Diabetes es una etapa temprana y preventiva que indica que una persona presenta múltiples factores de riesgo o síntomas iniciales asociados a la diabetes, aunque aún no cumple con todos los criterios para ser diagnosticada como prediabetes o diabetes.'
,'https://commongroundinternational.com/wp-content/uploads/2022/04/Signs-and-symptoms-of-diabetes-in-Spanish-infographic-web.jpg');

INSERT INTO reglas (diagnostico, recomendacion, informacion, imagen) VALUES ('Posible diabetes tipo 1', 'Consulta de inmediato, podría tratarse de un cuadro agudo de diabetes tipo 1.',
'La posible diabetes tipo 1 es una condición en la que hay indicios de que el cuerpo ha comenzado a dejar de producir insulina debido a un proceso autoinmune que afecta al páncreas, y suele presentarse de forma repentina en personas jóvenes'
,'https://fmdiabetes.org/wp-content/uploads/2017/11/-1-scaled.jpg');

INSERT INTO reglas (diagnostico, recomendacion, informacion, imagen) VALUES ('Diabetes tipo 1', 'Se requieren insulina y monitoreos constantes, consulta urgente.',
'La diabetes tipo 1 es una condición autoinmune en la que el cuerpo deja de producir insulina porque el sistema inmunológico ataca las células del páncreas encargadas de generarla. Suele diagnosticarse en niños y jóvenes.'
,'https://fmdiabetes.org/wp-content/uploads/2017/11/-1-scaled.jpg');

INSERT INTO reglas (diagnostico, recomendacion, informacion, imagen) VALUES ('Posible diabetes tipo 2', 'Limita el consumo de bebidas azucaradas, mejora tu dieta, solicita pruebas de HbA1c y aumenta la actividad física semanal.',
'La posible diabetes tipo 2 indica una alta probabilidad de desarrollar esta enfermedad, caracterizada por una resistencia a la insulina o una producción insuficiente de la misma. Está asociada a factores como el sobrepeso, la mala alimentación y el sedentarismo.'
,'https://images.squarespace-cdn.com/content/v1/561718ebe4b062a227c4fcf2/1540394635408-SBYWBN2CTDWFJQK8827S/DiabetesT2+nu%CC%81meros.jpg');

INSERT INTO reglas (diagnostico, recomendacion, informacion, imagen) VALUES ('Diabetes tipo 2', 'La diabetes tipo 2 puede dañar nervios y piel, visita a un médico general, necesitas cambio completo de estilo de vida.',
'La diabetes tipo 2 es una enfermedad crónica en la que el cuerpo no utiliza correctamente la insulina o no produce suficiente. Es común en adultos y suele estar relacionada con el estilo de vida, como mala alimentación, obesidad y falta de actividad física.'
,'https://images.squarespace-cdn.com/content/v1/561718ebe4b062a227c4fcf2/1540394635408-SBYWBN2CTDWFJQK8827S/DiabetesT2+nu%CC%81meros.jpg');

INSERT INTO reglas (diagnostico, recomendacion, informacion, imagen) VALUES ('Posible diabetes gestacional', 'Controla tu dieta durante el embarazo y realiza controles periódicos de glucosa.',
'La posible diabetes gestacional indica que durante el embarazo hay signos de intolerancia a la glucosa, lo que puede afectar la salud de la madre y el bebé. Es importante controlarla para evitar complicaciones.'
,'https://cientistabrasileira.com/wp-content/uploads/2020/05/Untitled_Artwork-1530x700.jpg');

INSERT INTO reglas (diagnostico, recomendacion, informacion, imagen) VALUES ('Alerta diabetes gestacional', 'Evita bebidas azucaradas, haz ejercicio moderado y consulta con tu obstetra para descartar riesgos.',
'La alerta de diabetes gestacional significa que existen factores o síntomas que sugieren riesgo de desarrollar diabetes durante el embarazo, por lo que se recomienda realizar pruebas y un seguimiento médico cercano para prevenir complicaciones.'
,'https://cientistabrasileira.com/wp-content/uploads/2020/05/Untitled_Artwork-1530x700.jpg');

INSERT INTO reglas (diagnostico, recomendacion, informacion, imagen) VALUES ('Diabetes gestacional', 'Consulta ginecológico y nutricional urgente, cambios necesarios en dieta y monitoreo.',
'La diabetes gestacional es una condición que ocurre durante el embarazo cuando el cuerpo no puede producir suficiente insulina, lo que provoca niveles altos de glucosa en la sangre. Puede afectar la salud de la madre y el bebé si no se controla adecuadamente.'
,'https://cientistabrasileira.com/wp-content/uploads/2020/05/Untitled_Artwork-1530x700.jpg');

INSERT INTO reglas (diagnostico, recomendacion, informacion, imagen) VALUES ('Posible diabetes tipo LADA', 'Este tipo de diabetes suele confundirse con tipo 2, consulta con un endocrinólogo.',
'La posible diabetes tipo LADA es una forma lenta de diabetes autoinmune que se desarrolla en adultos. Combina características de la tipo 1 y tipo 2, con destrucción gradual de las células que producen insulina.'
,'https://thumbnails.genial.ly/618454e02f2dd80011449774/screenshots/84f087e5-ee78-43e1-9ad9-aa5ea2044079.jpg');

INSERT INTO reglas (diagnostico, recomendacion, informacion, imagen) VALUES ('Diabetes tipo LADA', 'Consulta con endocrinólogo, podría requerir insulina temprana.',
'La diabetes tipo LADA (Latent Autoimmune Diabetes in Adults) es una forma de diabetes autoinmune que se desarrolla lentamente en adultos. Presenta características tanto de la diabetes tipo 1 como de la tipo 2, con una destrucción gradual de las células beta del páncreas, lo que lleva a una disminución progresiva en la producción de insulina.'
,'https://thumbnails.genial.ly/618454e02f2dd80011449774/screenshots/84f087e5-ee78-43e1-9ad9-aa5ea2044079.jpg');

////////////////////////////////////////////////////

INSERT INTO condiciones (regla_id, atributo, valor) VALUES (1, 'Polidipsia', '0');
INSERT INTO condiciones (regla_id, atributo, valor) VALUES (2, 'Polidipsia', '1');
INSERT INTO condiciones (regla_id, atributo, valor) VALUES (3, 'Polidipsia', '2');
INSERT INTO condiciones (regla_id, atributo, valor) VALUES (4, 'Polidipsia', '2');
INSERT INTO condiciones (regla_id, atributo, valor) VALUES (10, 'Polidipsia', '2');
INSERT INTO condiciones (regla_id, atributo, valor) VALUES (5, 'Polidipsia', '3');
INSERT INTO condiciones (regla_id, atributo, valor) VALUES (7, 'Polidipsia', '3');
INSERT INTO condiciones (regla_id, atributo, valor) VALUES (9, 'Polidipsia', '3');
INSERT INTO condiciones (regla_id, atributo, valor) VALUES (12, 'Polidipsia', '3');
INSERT INTO condiciones (regla_id, atributo, valor) VALUES (6, 'Polidipsia', '4');
INSERT INTO condiciones (regla_id, atributo, valor) VALUES (8, 'Polidipsia', '4');
INSERT INTO condiciones (regla_id, atributo, valor) VALUES (11, 'Polidipsia', '4');
INSERT INTO condiciones (regla_id, atributo, valor) VALUES (12, 'Polidipsia', '4');

INSERT INTO condiciones (regla_id, atributo, valor) VALUES (1, 'Poliuria', '0');
INSERT INTO condiciones (regla_id, atributo, valor) VALUES (2, 'Poliuria', '1');
INSERT INTO condiciones (regla_id, atributo, valor) VALUES (3, 'Poliuria', '2');
INSERT INTO condiciones (regla_id, atributo, valor) VALUES (4, 'Poliuria', '2');
INSERT INTO condiciones (regla_id, atributo, valor) VALUES (10, 'Poliuria', '2');
INSERT INTO condiciones (regla_id, atributo, valor) VALUES (5, 'Poliuria', '2');
INSERT INTO condiciones (regla_id, atributo, valor) VALUES (7, 'Poliuria', '2');
INSERT INTO condiciones (regla_id, atributo, valor) VALUES (9, 'Poliuria', '2');
INSERT INTO condiciones (regla_id, atributo, valor) VALUES (12, 'Poliuria', '2');
INSERT INTO condiciones (regla_id, atributo, valor) VALUES (8, 'Poliuria', '3');
INSERT INTO condiciones (regla_id, atributo, valor) VALUES (13, 'Poliuria', '3');
INSERT INTO condiciones (regla_id, atributo, valor) VALUES (11, 'Poliuria', '3');
INSERT INTO condiciones (regla_id, atributo, valor) VALUES (6, 'Poliuria', '4');

INSERT INTO condiciones (regla_id, atributo, valor) VALUES (1, 'Polifagia', '0');
INSERT INTO condiciones (regla_id, atributo, valor) VALUES (1, 'Polifagia', '1');
INSERT INTO condiciones (regla_id, atributo, valor) VALUES (4, 'Polifagia', '2');
INSERT INTO condiciones (regla_id, atributo, valor) VALUES (5, 'Polifagia', '3');
INSERT INTO condiciones (regla_id, atributo, valor) VALUES (7, 'Polifagia', '3');
INSERT INTO condiciones (regla_id, atributo, valor) VALUES (12, 'Polifagia', '3');
INSERT INTO condiciones (regla_id, atributo, valor) VALUES (6, 'Polifagia', '4');
INSERT INTO condiciones (regla_id, atributo, valor) VALUES (8, 'Polifagia', '4');
INSERT INTO condiciones (regla_id, atributo, valor) VALUES (13, 'Polifagia', '4');

INSERT INTO condiciones (regla_id, atributo, valor) VALUES (1, 'Fatiga', '0');
INSERT INTO condiciones (regla_id, atributo, valor) VALUES (2, 'Fatiga', '1');
INSERT INTO condiciones (regla_id, atributo, valor) VALUES (3, 'Fatiga', '2');
INSERT INTO condiciones (regla_id, atributo, valor) VALUES (4, 'Fatiga', '2');
INSERT INTO condiciones (regla_id, atributo, valor) VALUES (10, 'Fatiga', '2');
INSERT INTO condiciones (regla_id, atributo, valor) VALUES (5, 'Fatiga', '3');
INSERT INTO condiciones (regla_id, atributo, valor) VALUES (7, 'Fatiga', '3');
INSERT INTO condiciones (regla_id, atributo, valor) VALUES (9, 'Fatiga', '3');
INSERT INTO condiciones (regla_id, atributo, valor) VALUES (12, 'Fatiga', '3');
INSERT INTO condiciones (regla_id, atributo, valor) VALUES (6, 'Fatiga', '4');
INSERT INTO condiciones (regla_id, atributo, valor) VALUES (8, 'Fatiga', '4');
INSERT INTO condiciones (regla_id, atributo, valor) VALUES (11, 'Fatiga', '4');
INSERT INTO condiciones (regla_id, atributo, valor) VALUES (13, 'Fatiga', '4');

INSERT INTO condiciones (regla_id, atributo, valor) VALUES (1, 'BajarPeso', '0');
INSERT INTO condiciones (regla_id, atributo, valor) VALUES (1, 'BajarPeso', '1');
INSERT INTO condiciones (regla_id, atributo, valor) VALUES (4, 'BajarPeso', '2');
INSERT INTO condiciones (regla_id, atributo, valor) VALUES (5, 'BajarPeso', '3');
INSERT INTO condiciones (regla_id, atributo, valor) VALUES (7, 'BajarPeso', '3');
INSERT INTO condiciones (regla_id, atributo, valor) VALUES (12, 'BajarPeso', '3');
INSERT INTO condiciones (regla_id, atributo, valor) VALUES (6, 'BajarPeso', '4');
INSERT INTO condiciones (regla_id, atributo, valor) VALUES (8, 'BajarPeso', '4');
INSERT INTO condiciones (regla_id, atributo, valor) VALUES (13, 'BajarPeso', '4');

INSERT INTO condiciones (regla_id, atributo, valor) VALUES (1, 'Vision', '0');
INSERT INTO condiciones (regla_id, atributo, valor) VALUES (2, 'Vision', '1');
INSERT INTO condiciones (regla_id, atributo, valor) VALUES (3, 'Vision', '2');
INSERT INTO condiciones (regla_id, atributo, valor) VALUES (4, 'Vision', '2');
INSERT INTO condiciones (regla_id, atributo, valor) VALUES (5, 'Vision', '3');
INSERT INTO condiciones (regla_id, atributo, valor) VALUES (7, 'Vision', '3');
INSERT INTO condiciones (regla_id, atributo, valor) VALUES (12, 'Vision', '3');
INSERT INTO condiciones (regla_id, atributo, valor) VALUES (6, 'Vision', '4');
INSERT INTO condiciones (regla_id, atributo, valor) VALUES (8, 'Vision', '4');
INSERT INTO condiciones (regla_id, atributo, valor) VALUES (13, 'Vision', '4');

INSERT INTO condiciones (regla_id, atributo, valor) VALUES (1, 'Hormigueo', '0');
INSERT INTO condiciones (regla_id, atributo, valor) VALUES (1, 'Hormigueo', '1');
INSERT INTO condiciones (regla_id, atributo, valor) VALUES (4, 'Hormigueo', '2');
INSERT INTO condiciones (regla_id, atributo, valor) VALUES (7, 'Hormigueo', '3');
INSERT INTO condiciones (regla_id, atributo, valor) VALUES (12, 'Hormigueo', '3');
INSERT INTO condiciones (regla_id, atributo, valor) VALUES (8, 'Hormigueo', '4');
INSERT INTO condiciones (regla_id, atributo, valor) VALUES (13, 'Hormigueo', '4');

INSERT INTO condiciones (regla_id, atributo, valor) VALUES (1, 'Infecciones', '0');
INSERT INTO condiciones (regla_id, atributo, valor) VALUES (4, 'Infecciones', '1');
INSERT INTO condiciones (regla_id, atributo, valor) VALUES (7, 'Infecciones', '2');
INSERT INTO condiciones (regla_id, atributo, valor) VALUES (7, 'Infecciones', '3');
INSERT INTO condiciones (regla_id, atributo, valor) VALUES (8, 'Infecciones', '4');

INSERT INTO condiciones (regla_id, atributo, valor) VALUES (1, 'Heridas', '0');
INSERT INTO condiciones (regla_id, atributo, valor) VALUES (4, 'Heridas', '1');
INSERT INTO condiciones (regla_id, atributo, valor) VALUES (7, 'Heridas', '2');
INSERT INTO condiciones (regla_id, atributo, valor) VALUES (7, 'Heridas', '3');
INSERT INTO condiciones (regla_id, atributo, valor) VALUES (8, 'Heridas', '4');

INSERT INTO condiciones (regla_id, atributo, valor) VALUES (1, 'Acantosis', '0');
INSERT INTO condiciones (regla_id, atributo, valor) VALUES (1, 'Acantosis', '1');
INSERT INTO condiciones (regla_id, atributo, valor) VALUES (2, 'Acantosis', '2');
INSERT INTO condiciones (regla_id, atributo, valor) VALUES (3, 'Acantosis', '3');
INSERT INTO condiciones (regla_id, atributo, valor) VALUES (7, 'Acantosis', '3');
INSERT INTO condiciones (regla_id, atributo, valor) VALUES (8, 'Acantosis', '4');

INSERT INTO condiciones (regla_id, atributo, valor) VALUES (1, 'Irritabilidad', '0');
INSERT INTO condiciones (regla_id, atributo, valor) VALUES (1, 'Irritabilidad', '1');
INSERT INTO condiciones (regla_id, atributo, valor) VALUES (4, 'Irritabilidad', '2');
INSERT INTO condiciones (regla_id, atributo, valor) VALUES (5, 'Irritabilidad', '3');
INSERT INTO condiciones (regla_id, atributo, valor) VALUES (7, 'Irritabilidad', '3');
INSERT INTO condiciones (regla_id, atributo, valor) VALUES (6, 'Irritabilidad', '4');
INSERT INTO condiciones (regla_id, atributo, valor) VALUES (8, 'Irritabilidad', '4');

INSERT INTO condiciones (regla_id, atributo, valor) VALUES (1, 'Concentracion', '0');
INSERT INTO condiciones (regla_id, atributo, valor) VALUES (1, 'Concentracion', '1');
INSERT INTO condiciones (regla_id, atributo, valor) VALUES (1, 'Concentracion', '2');
INSERT INTO condiciones (regla_id, atributo, valor) VALUES (12, 'Concentracion', '3');
INSERT INTO condiciones (regla_id, atributo, valor) VALUES (13, 'Concentracion', '4');

INSERT INTO condiciones (regla_id, atributo, valor) VALUES (1, 'Candidiasis', '0');
INSERT INTO condiciones (regla_id, atributo, valor) VALUES (1, 'Candidiasis', '1');
INSERT INTO condiciones (regla_id, atributo, valor) VALUES (4, 'Candidiasis', '2');
INSERT INTO condiciones (regla_id, atributo, valor) VALUES (12, 'Candidiasis', '3');
INSERT INTO condiciones (regla_id, atributo, valor) VALUES (13, 'Candidiasis', '4');

INSERT INTO condiciones (regla_id, atributo, valor) VALUES (1, 'PielSeca', '0');
INSERT INTO condiciones (regla_id, atributo, valor) VALUES (1, 'PielSeca', '1');
INSERT INTO condiciones (regla_id, atributo, valor) VALUES (4, 'PielSeca', '2');
INSERT INTO condiciones (regla_id, atributo, valor) VALUES (12, 'PielSeca', '3');
INSERT INTO condiciones (regla_id, atributo, valor) VALUES (13, 'PielSeca', '4');

INSERT INTO condiciones (regla_id, atributo, valor) VALUES (1, 'BocaSeca', '0');
INSERT INTO condiciones (regla_id, atributo, valor) VALUES (1, 'BocaSeca', '1');
INSERT INTO condiciones (regla_id, atributo, valor) VALUES (4, 'BocaSeca', '2');
INSERT INTO condiciones (regla_id, atributo, valor) VALUES (7, 'BocaSeca', '3');
INSERT INTO condiciones (regla_id, atributo, valor) VALUES (8, 'BocaSeca', '4');

INSERT INTO condiciones (regla_id, atributo, valor) VALUES (1, 'Picazon', '0');
INSERT INTO condiciones (regla_id, atributo, valor) VALUES (1, 'Picazon', '1');
INSERT INTO condiciones (regla_id, atributo, valor) VALUES (4, 'Picazon', '2');
INSERT INTO condiciones (regla_id, atributo, valor) VALUES (7, 'Picazon', '3');
INSERT INTO condiciones (regla_id, atributo, valor) VALUES (12, 'Picazon', '3');
INSERT INTO condiciones (regla_id, atributo, valor) VALUES (8, 'Picazon', '4');
INSERT INTO condiciones (regla_id, atributo, valor) VALUES (13, 'Picazon', '4');

INSERT INTO condiciones (regla_id, atributo, valor) VALUES (8, 'Ejercicio', '0');
INSERT INTO condiciones (regla_id, atributo, valor) VALUES (7, 'Ejercicio', '1');
INSERT INTO condiciones (regla_id, atributo, valor) VALUES (4, 'Ejercicio', '2');
INSERT INTO condiciones (regla_id, atributo, valor) VALUES (1, 'Ejercicio', '3');
INSERT INTO condiciones (regla_id, atributo, valor) VALUES (1, 'Ejercicio', '4');

INSERT INTO condiciones (regla_id, atributo, valor) VALUES (1, 'IngestaRefrescos', '0');
INSERT INTO condiciones (regla_id, atributo, valor) VALUES (2, 'IngestaRefrescos', '1');
INSERT INTO condiciones (regla_id, atributo, valor) VALUES (3, 'IngestaRefrescos', '2');
INSERT INTO condiciones (regla_id, atributo, valor) VALUES (4, 'IngestaRefrescos', '2');
INSERT INTO condiciones (regla_id, atributo, valor) VALUES (7, 'IngestaRefrescos', '3');
INSERT INTO condiciones (regla_id, atributo, valor) VALUES (8, 'IngestaRefrescos', '4');


//////////////////////////////////////////////////

INSERT INTO condiciones (regla_id, atributo, valor) VALUES (1, 'Polidipsia', '0');
INSERT INTO condiciones (regla_id, atributo, valor) VALUES (1, 'Poliuria', '0');
INSERT INTO condiciones (regla_id, atributo, valor) VALUES (1, 'Polifagia', '0');
INSERT INTO condiciones (regla_id, atributo, valor) VALUES (1, 'Fatiga', '0');
INSERT INTO condiciones (regla_id, atributo, valor) VALUES (1, 'BajarPeso', '0');
INSERT INTO condiciones (regla_id, atributo, valor) VALUES (1, 'Vision', '0');
INSERT INTO condiciones (regla_id, atributo, valor) VALUES (1, 'Hormigueo', '0');
INSERT INTO condiciones (regla_id, atributo, valor) VALUES (1, 'Infecciones', '0');
INSERT INTO condiciones (regla_id, atributo, valor) VALUES (1, 'Heridas', '0');
INSERT INTO condiciones (regla_id, atributo, valor) VALUES (1, 'Acantosis', '0');
INSERT INTO condiciones (regla_id, atributo, valor) VALUES (1, 'Irritabilidad', '0');
INSERT INTO condiciones (regla_id, atributo, valor) VALUES (1, 'Concentracion', '0');
INSERT INTO condiciones (regla_id, atributo, valor) VALUES (1, 'Candidiasis', '0');
INSERT INTO condiciones (regla_id, atributo, valor) VALUES (1, 'PielSeca', '0');
INSERT INTO condiciones (regla_id, atributo, valor) VALUES (1, 'BocaSeca', '0');
INSERT INTO condiciones (regla_id, atributo, valor) VALUES (1, 'Picazon', '0');
INSERT INTO condiciones (regla_id, atributo, valor) VALUES (1, 'Ejercicio', '0');
INSERT INTO condiciones (regla_id, atributo, valor) VALUES (1, 'IngestaRefrescos', '0');


//////////////////////////////////////////////////


--PARA INSERTAR LAS PREGUNTAS EN LA BASE DE DATOS
--1
INSERT INTO
    preguntas (codigo, texto, tipo)
VALUES
    ('Edad', 'Ingrese su edad', 'radio');

--2
INSERT INTO
    preguntas (codigo, texto, tipo)
VALUES
    ('Genero', '¿Cúal es su genero?', 'radio');

INSERT INTO
    opciones (pregunta_id, texto, valor)
VALUES
    (2, 'Hombre.', 0),
    (2, 'Mujer.', 1);

--3
INSERT INTO
    preguntas (codigo, texto, tipo)
VALUES
    (
        'Peso',
        'En caso de que sepa su peso, ingréselo (kg)',
        'number'
    );

--4
INSERT INTO
    preguntas (codigo, texto, tipo)
VALUES
    (
        'Estatura',
        'En caso de que sepa su estatura, ingrésela (cm)',
        'number'
    );

--5
INSERT INTO
    preguntas (codigo, texto, tipo)
VALUES
    (
        'Embarazo',
        '¿En este momento se encuentra embarazada?',
        'radio'
    );

INSERT INTO
    opciones (pregunta_id, texto, valor)
VALUES
    (5, 'No.', 0),
    (5, 'Sí.', 1);

--6
INSERT INTO
    preguntas (codigo, texto, tipo)
VALUES
    (
        'Polidipsia',
        '¿Con qué frecuencia siente una sed intensa durante el día?',
        'radio'
    );

INSERT INTO
    opciones (pregunta_id, texto, valor)
VALUES
    (6, 'Nunca.', 0),
    (6, 'Rara vez.', 1),
    (6, 'A veces.', 2),
    (6, 'Frecuentemente.', 3),
    (6, 'Siempre.', 4);

--7
INSERT INTO
    preguntas (codigo, texto, tipo)
VALUES
    (
        'Poliuria',
        '¿Qué tan frecuente es su necesidad de orinar, incluso por la noche?',
        'radio'
    );

INSERT INTO
    opciones (pregunta_id, texto, valor)
VALUES
    (7, 'Nunca.', 0),
    (7, 'Rara vez.', 1),
    (7, 'A veces.', 2),
    (7, 'Frecuentemente.', 3),
    (7, 'Siempre.', 4);

--8
INSERT INTO
    preguntas (codigo, texto, tipo)
VALUES
    (
        'Polifagia',
        '¿Siente hambre constantemente, incluso después de comer?',
        'radio'
    );

INSERT INTO
    opciones (pregunta_id, texto, valor)
VALUES
    (8, 'Nunca.', 0),
    (8, 'Rara vez.', 1),
    (8, 'A veces.', 2),
    (8, 'Frecuentemente.', 3),
    (8, 'Siempre.', 4);

--9
INSERT INTO
    preguntas (codigo, texto, tipo)
VALUES
    (
        'Fatiga',
        '¿Se ha sentido cansado o sin energía en la mayoría de los días?',
        'radio'
    );

INSERT INTO
    opciones (pregunta_id, texto, valor)
VALUES
    (9, 'Nunca.', 0),
    (9, 'Rara vez.', 1),
    (9, 'A veces.', 2),
    (9, 'Frecuentemente.', 3),
    (9, 'Siempre.', 4);

--10
INSERT INTO
    preguntas (codigo, texto, tipo)
VALUES
    (
        'BajarPeso',
        '¿Ha notado pérdida de peso sin haber hecho dieta o ejercicio?',
        'radio'
    );

INSERT INTO
    opciones (pregunta_id, texto, valor)
VALUES
    (10, 'Nada.', 0),
    (10, 'Muy poco.', 1),
    (10, 'Poco.', 2),
    (10, 'Moderado.', 3),
    (10, 'Mucho.', 4);

--11
INSERT INTO
    preguntas (codigo, texto, tipo)
VALUES
    (
        'Vision',
        '¿Tiene visión borrosa o dificultad para enfocar objetos?',
        'radio'
    );

INSERT INTO
    opciones (pregunta_id, texto, valor)
VALUES
    (11, 'Nunca.', 0),
    (11, 'Rara vez.', 1),
    (11, 'A veces.', 2),
    (11, 'Frecuentemente.', 3),
    (11, 'Siempre.', 4);

--12
INSERT INTO
    preguntas (codigo, texto, tipo)
VALUES
    (
        'Hormigueo',
        '¿Siente hormigueo o entumecimiento en sus manos o pies?',
        'radio'
    );

INSERT INTO
    opciones (pregunta_id, texto, valor)
VALUES
    (12, 'Nunca.', 0),
    (12, 'Rara vez.', 1),
    (12, 'A veces.', 2),
    (12, 'Frecuentemente.', 3),
    (12, 'Siempre.', 4);

--13
INSERT INTO
    preguntas (codigo, texto, tipo)
VALUES
    (
        'Infecciones',
        '¿Tiene infecciones frecuentes como urinarias, en piel o encías?',
        'radio'
    );

INSERT INTO
    opciones (pregunta_id, texto, valor)
VALUES
    (13, 'Nunca.', 0),
    (13, 'Rara vez.', 1),
    (13, 'A veces.', 2),
    (13, 'Frecuentemente.', 3),
    (13, 'Siempre.', 4);

--14
INSERT INTO
    preguntas (codigo, texto, tipo)
VALUES
    (
        'Heridas',
        '¿Nota que sus heridas tardan en cicatrizar más de lo normal?',
        'radio'
    );

INSERT INTO
    opciones (pregunta_id, texto, valor)
VALUES
    (14, 'Nunca.', 0),
    (14, 'Rara vez.', 1),
    (14, 'A veces.', 2),
    (14, 'Frecuentemente.', 3),
    (14, 'Siempre.', 4);

--15
INSERT INTO
    preguntas (codigo, texto, tipo)
VALUES
    (
        'Acantosis',
        '¿Ha observado manchas oscuras en su cuello, axilas u otros pliegues de la piel?',
        'radio'
    );

INSERT INTO
    opciones (pregunta_id, texto, valor)
VALUES
    (15, 'Nunca.', 0),
    (15, 'Rara vez.', 1),
    (15, 'A veces.', 2),
    (15, 'Frecuentemente.', 3),
    (15, 'Siempre.', 4);

--16
INSERT INTO
    preguntas (codigo, texto, tipo)
VALUES
    (
        'Irritabilidad',
        '¿Siente irritabilidad o cambios de humor repentinos?',
        'radio'
    );

INSERT INTO
    opciones (pregunta_id, texto, valor)
VALUES
    (16, 'Nunca.', 0),
    (16, 'Rara vez.', 1),
    (16, 'A veces.', 2),
    (16, 'Frecuentemente.', 3),
    (16, 'Siempre.', 4);

--17
INSERT INTO
    preguntas (codigo, texto, tipo)
VALUES
    (
        'Concentracion',
        '¿Le cuesta concentrarse o se siente confundido con frecuencia?',
        'radio'
    );

INSERT INTO
    opciones (pregunta_id, texto, valor)
VALUES
    (17, 'Nunca.', 0),
    (17, 'Rara vez.', 1),
    (17, 'A veces.', 2),
    (17, 'Frecuentemente.', 3),
    (17, 'Siempre.', 4);

--18
INSERT INTO
    preguntas (codigo, texto, tipo)
VALUES
    (
        'Candidiasis',
        '¿Ha tenido infecciones por hongos de forma recurrente en la zona íntima?',
        'radio'
    );

INSERT INTO
    opciones (pregunta_id, texto, valor)
VALUES
    (18, 'Nunca.', 0),
    (18, 'Rara vez.', 1),
    (18, 'A veces.', 2),
    (18, 'Frecuentemente.', 3),
    (18, 'Siempre.', 4);

--19
INSERT INTO
    preguntas (codigo, texto, tipo)
VALUES
    (
        'PielSeca',
        '¿Tiene sensación de resequedad o comezón persistente en la piel?',
        'radio'
    );

INSERT INTO
    opciones (pregunta_id, texto, valor)
VALUES
    (19, 'Nunca.', 0),
    (19, 'Rara vez.', 1),
    (19, 'A veces.', 2),
    (19, 'Frecuentemente.', 3),
    (19, 'Siempre.', 4);

--20
INSERT INTO
    preguntas (codigo, texto, tipo)
VALUES
    (
        'BocaSeca',
        '¿Ha notado resequedad en la boca durante el día o la noche?',
        'radio'
    );

INSERT INTO
    opciones (pregunta_id, texto, valor)
VALUES
    (20, 'Nunca.', 0),
    (20, 'Rara vez.', 1),
    (20, 'A veces.', 2),
    (20, 'Frecuentemente.', 3),
    (20, 'Siempre.', 4);

--21
INSERT INTO
    preguntas (codigo, texto, tipo)
VALUES
    (
        'Picazon',
        '¿Tiene picazón frecuente en distintas zonas del cuerpo?',
        'radio'
    );

INSERT INTO
    opciones (pregunta_id, texto, valor)
VALUES
    (21, 'Nunca.', 0),
    (21, 'Rara vez.', 1),
    (21, 'A veces.', 2),
    (21, 'Frecuentemente.', 3),
    (21, 'Siempre.', 4);

--22
INSERT INTO
    preguntas (codigo, texto, tipo)
VALUES
    (
        'HistorialFamiliarDiabetes',
        '¿Tiene familiares que hayan padecido de diabetes?',
        'radio'
    );

INSERT INTO
    opciones (pregunta_id, texto, valor)
VALUES
    (22, 'No.', 0),
    (22, 'Sí.', 1);

--23
INSERT INTO
    preguntas (codigo, texto, tipo)
VALUES
    (
        'IngestaRefrescos',
        '¿Con que frecuencia realiza al menos 30 minutos de ejercicio?',
        'radio'
    );

INSERT INTO
    opciones (pregunta_id, texto, valor)
VALUES
    (23, 'Nunca.', 0),
    (23, '1 día a la semana.', 1),
    (23, '2 a 3 días a la semana.', 2),
    (23, '4 a 5 días a la semana.', 3),
    (23, 'Todos los días.', 4);

--24
INSERT INTO
    preguntas (codigo, texto, tipo)
VALUES
    (
        'IngestaRefrescos',
        '¿Con que frecuencia ingiere refrescos?',
        'radio'
    );

INSERT INTO
    opciones (pregunta_id, texto, valor)
VALUES
    (24, 'Nunca.', 0),
    (24, 'Rara vez.', 1),
    (24, 'A veces.', 2),
    (24, 'Frecuentemente.', 3),
    (24, 'Siempre.', 4);